{"search":"","showTags":false,"showAttachments":false,"hideUnresolved":false,"showOrphans":true,"showArrow":true,"textFadeMultiplier":0,"nodeSizeMultiplier":0.554139957264957,"lineSizeMultiplier":1.00435363247863,"centerStrength":0.537126068376068,"repelStrength":7.7590811965812,"linkStrength":0.514522058823529,"linkDistance":250,"scale":0.833218556359385}